{
    "repo": "nolimits4web/framework7-icons",
    "development": {},
    "version": "2.3.0",
    "styles": [
        "css/framework7-icons.css"
    ],
    "name": "framework7-icons",
    "dependencies": {},
    "keywords": [
        "fonts",
        "icon font",
        "icons",
        "framework7",
        "web font",
        "ios",
        "ios icons"
    ],
    "license": "MIT",
    "fonts": [
        "fonts/Framework7Icons-Regular.eot",
        "fonts/Framework7Icons-Regular.svg",
        "fonts/Framework7Icons-Regular.ttf",
        "fonts/Framework7Icons-Regular.woff",
        "fonts/Framework7Icons-Regular.woff2"
    ],
    "description": "Free iOS-icons font for Framework7"
}